Noi dung,So lan xuat hien,Ten/so lan comment
"cแบกp cao hay thแบฅp แบก","1","Huyแปn Trรขn(1)"
"03","3","changgg๐ฅฐ(3)"
"ฤแปa chแป shop o ฤรขu แบก","1","Lรช Nguyแปt รnh(1)"
"Eo 67 hรดng 90 mแบทc sz gรฌ c","1","Chang ฤeii๐คก(1)"
"Eo 68 mแบทc gรฌ แบก","1","Hg_Nhung02๐(1)"
"E xem 2 3","1","Yแบฟn Mรณm Shop(1)"
"S size eo bnhiu แบก","1","copedethuong_(1)"
"mai mih thแปญ lแบกi","1","Bรญch Ly(1)"
"c cho e xem mรขฬu 2 ฤi aฬฃ","1","Nguyennhuquynh(1)"
"tแบงm 68 แบก","1","hg.(1)"
"Eo 70","1","Ngแปc Huyแปn(1)"
"รฝ lร mk ฤแบฟn shop lแบฅy","1","Lรช Nguyแปt รnh(1)"
"C live dc bao lรขu rรฒi แบก","1","Nguyแปn Thแป Duyรชn(1)"
"nแบฟu eo nhแป v3 hฦกn sแป ฤo size vรกy thรฌ mua size nรo แบก","1","nullify(1)"
"1m55 51kg mแบทc size nรo แบก","1","Ngแปc Huyแปn(1)"
"Eo ฤo chแป nhแป nhแบฅt ฤรบng k แบก","1","Trรขm Trแบฏng nรจeee(1)"
"Cรณ quแบงn bแบฃo hแป ko bแบกn","1","NHฦฏ NHฦฏ(1)"
"Eo 66 1m5 size gรฌ แบก","1","Con cua(1)"
"Bแปฅng 68 mแบทc sz gรฌ","1","Bรฉ Linh ๐ณ(1)"
"cรณ bรชn s ko แบก","1","Njshs(1)"
"hแปng dc. ko cรณ bแบฅm dc thanh toan khi nhแบญn hag.","1","Bรญch Ly(1)"
"Chแบฏc shop chฦฐa gแปญi rแปi","1","Vลฉ Thanh Thanh(1)"
"Eo 67 mแบทc sz gi แบก","1","Vรขn Anh(1)"
"mih dag chแปt 3 mรu","1","Bรญch Ly(1)"
"nhรฌu chแป thแปซa ko แบก","1","Thรนy Trang (โฟโ๏ฝกโ)(1)"
"128","1","Iโm danh(1)"
"Size S bao nhiรชu kรญ b","1","Nguyแปn Thanh Hแบฃi117(1)"
"129","4","Iโm danh(2)|quyn๐quyn(kb911314)๐ฅฐ(1)|nullify(1)"
"C quay lฦฐng lแบกi ฤi แบก","1","Con cua(1)"
"ฤรนi to mแบทc oki k แบก","1","xแบฃ nhรกp :))(1)"
"Quแบงn nhung แบก","2","Bฦก lแบกc ๐ฅ(1)|Hg_Nhung02๐(1)"
"sao mih dat hag mร ko dc thanh toรกn khi nhแบญn hag ta","1","Bรญch Ly(1)"
"C live mแบฅy thรกng rรฒi รก","1","Nguyแปn Thแป Duyรชn(1)"
"Eo 65 แบก","1","๐Thแบฃo Vy(1)"
"@b nแบทng bn kg v","1","ninini(1)"
"รo cรณ bรกn k แบก?","1","Kendy(1)"
"Eo 66 size nรo แบก","1","Em Bรฉ ๐ธ(1)"
"Dฦก ฤแปง mรu ฤi bร","1","cรบn(1)"
"1m55 45kg sz gรฌ แบก","1","Bรฉ Linh ๐ณ(1)"
"E xem khoรก quแบงn nhung แบก","1","Hรขn Lรช(1)"
"Xoay ngag e xem","1","๏ธcรบn โก(1)"
"60kg m6 size gi แบก","1","user4819996296970(1)"
"Vแบฃi nhung cรณ mแปm k b","1","Quyรชnhappyhahaa(1)"
"eo 72 mแบทc size nรo แบก","1","xแบฃ nhรกp :))(1)"
"M68 cรณ ngแบฏn k แบก","1","HแปngโThi๐(1)"
"vรฃi htrc mua 127k ๐ฉ","1","ใค(1)"
"Thแปญ mรu nรขu ฤi แบก","1","Toanle(1)"
"C cao bao nhiรชu nแบทng bn ฤแบฅy แบก","1","phuong nguyen xin chao(1)"
"Thay ฤi c","1","phuong nguyen xin chao(1)"
"Eo 66 mแบทc sz gรฌ แบก","1","Bรฉ Linh ๐ณ(1)"
"49kg size gรฌ แบก","1","Ban_nho_cute(1)"
"1m6 46 kg size gรฌ a","1","hg.(1)"
"c vแปซa ฤแบทt L mแบฅt rแปi","1","ฤแป Thuรฝ Hร(1)"
"c mแบทc thแปญ mรu ฤแป di c","1","Mt ๐(1)"
"quรขn trong ko","1","Bรกnh mรฌ(1)"
"Eo 72, 50kg 1m56 size gรฌ bแบกn","1","NHฦฏ NHฦฏ(1)"
"Quรก ฤแบนp chแป แบก","1","Chรบng ta sau nรy !(1)"
"eo 67 size gรฌ แบก","1","Ban_nho_cute(1)"
"cรณ lแบฝ nick mih hom nay mua nhiu qua kk","1","Bรญch Ly(1)"
"cรณ co giรฃn k shop","1","hoimo(1)"
"C mแบทc m2 di","1","Bรฉ Linh ๐ณ(1)"
"v3 97 v2 60 แบก","1","nullify(1)"
"eo 63 mแบทc size gรฌ แบก","1","chanchan(1)"
"cรณ chแบญt v3 k vแบญy แบก","1","nullify(1)"
"Eo 72 size nรo แบก","1","Minee(1)"
"Eo 65 mแบทc size gi ban","1","Minh Trang Le(1)"
"eo 70 chแบฏc sz L ko ฤแป c ฤแบทt","1","ฤแป Thuรฝ Hร(1)"
"Eo 76 mแบทc size gรฌ em ฦกi","1","Ngoc Lam Bao(1)"
"69 แบก","1","Thแปงy Nguyแปn Thanh(1)"
"52kg mแบทc sz gi vแบญy c","1","Thแปงy Nguyแปn Thanh(1)"
"Chแบฅt dรy dแบทn khรดng bร","1","cรบn(1)"
"M2 xรกm ฤi c","1","Bรฉ Linh ๐ณ(1)"
"ฤฦกn cแปงa em 4 ngรy vแบซn ฤแปฉng im,","1","Vลฉ Thanh Thanh(1)"
"E k cรณ mรฃ freeship","1","Lแบกi Thแป Trรบc An(1)"
"@My My nick j v แบก","1","Bรกnh mรฌ(1)"
"vรฒng 3 89","1","ฤแป Thuรฝ Hร(1)"
"eo67 47kg m58 size j v แบก","1","Bรกnh mรฌ(1)"
"Minh 1.53 nแบทng 46kg","1","Meo Meo(1)"
"cรณ bแป ngแบฏn quรก k c","1","Mt ๐(1)"
"C ฦกi sao nick kia 109 mร e ฤแปi nick 129 v","1","My My(1)"
"Eo 64 mang size gรฌ c","1","TรM Mร BABY(1)"
"C ฤang mแบทc sz gรฌ แบก","1","Bรฉ Linh ๐ณ(1)"
"quแบงn nhung","1","Tiinee๐ซง(1)"
"1m6 43kg eo 63 mแบทc size gรฌ แบก","1","Mt ๐(1)"
"Chแป mแบทc mรu ฤแป ฤi แบก","1","Iโm danh(1)"
"C live giแปi ghe. E live mk k cรณ ฤฦกn","1","Nguyแปn Thแป Duyรชn(1)"
"day kรฉo ngang hong hay sao c","1","@Meomeoo0601(1)"
"Vรng bรฒ ฤi shop","1","Minhthuuu(1)"
"40kg mแบทc dc size S ko","1","รt Chi(1)"
"Xinh mn ฦกi e mแปi nhแบญn hรng chiแปu nay๐๐ซถ๐ป","1","โจ๏ธ(1)"
"Eo 66 mแบทc quแบงn nhung sz m แบก","1","Bรฉ Linh ๐ณ(1)"
"60kg eo72","1","HแปngโThi๐(1)"
"c mแบทc size gรฌ v แบก","1","nullify(1)"
"ฤรฃ huแปท ฤฦกn vรฌ 4 ngรy k thแบฅy giao๐ฅด","1","Chแปงm๐(1)"
"ok","1","Bรกnh mรฌ(1)"
"Hรng cรฒn chฦฐa ฤi chแป แบก e ฤแบทt lแบกi 2 lแบงn rแปi vแบซn v แบก","1","Chแปงm๐(1)"
"B bn kg","1","ninini(1)"
"eo 70 size j แบก","1","_htuu.chanie_(1)"
"Cรณ chรขn vรกy chแปฏ a ko c","1","Hna(1)"
"em xem 3 แบก","1","Tiinee๐ซง(1)"
"Eo 72 quแบงn nhung size L ร bแบกn","1","NHฦฏ NHฦฏ(1)"
"รo bรกn k e","1","Thuphuong911(1)"
"Eo 65 mแบทc vรกy size gรฌ shop","1","Minhthuuu(1)"
"Eo 66 n","1","Bรฉ Linh ๐ณ(1)"
"c mแบทc thแปญ quแบงn nhung lun di แบก ๐ฟ","1","Mt ๐(1)"
"Size L eo bnhiu แบก","1","Bฦก lแบกc ๐ฅ(1)"
"shop mk bรกn trแปฑc tiแบฟp giรก mแบฅy ah","1","Lรช Nguyแปt รnh(1)"
"Tแบกi e thแบฅy lร vแบซn huแปท ฤฦฐแปฃc ฤฦกn hรng chแปฉ nแบฟu ฤi rแปi thรฌ khรดng thแป huแปท ฤฦฐแปฃc แบก","1","Vลฉ Thanh Thanh(1)"
"Mang quแบงn nhung ฤi chแป","1","TรM Mร BABY(1)"
